Rank,model_name,train_accuracy,test_accuracy,test_precision,test_recall,test_f1,test_roc_auc
1,XGBoost,0.8210862619808307,0.8055358410220014,0.668918918918919,0.5294117647058824,0.591044776119403,0.8439393939393939
2,Gradient Boosting,0.8292509762158324,0.801277501774308,0.6654929577464789,0.5053475935828877,0.574468085106383,0.8447479914231832
3,Logistic Regression,0.8040468583599574,0.7991483321504613,0.6426332288401254,0.5481283422459893,0.5916305916305916,0.8402800382340025
4,Random Forest,0.8844515441959532,0.7963094393186657,0.6484641638225256,0.5080213903743316,0.5697151424287856,0.835622206721951
5,AdaBoost,0.8074192403265885,0.794889992902768,0.6366559485530546,0.5294117647058824,0.5781021897810219,0.8432082978118782
6,SVM (RBF),0.8235711750088747,0.7934705464868701,0.6509090909090909,0.4786096256684492,0.551617873651772,0.7908703402309539
7,Neural Network,0.8105169534683228,0.7934705464868701,0.636963696369637,0.516042780748663,0.5701624815361891,0.8346353561187321
8,Decision Tree,0.8042243521476748,0.7849538679914834,0.6034985422740525,0.553475935828877,0.5774058577405857,0.8217417138133251
9,KNN (k=5),0.8343982960596379,0.7423704755145494,0.5150684931506849,0.5026737967914439,0.5087956698240866,0.7605130589785322
